<?xml version="1.0"?>
<doc>
    <assembly>
        <name>XIVComboPlus</name>
    </assembly>
    <members>
        <member name="T:XIVComboExpandedestPlugin.Attributes.ConflictingCombosAttribute">
            <summary>
            Attribute documenting conflicting presets for each combo.
            </summary>
        </member>
        <member name="M:XIVComboExpandedestPlugin.Attributes.ConflictingCombosAttribute.#ctor(XIVComboExpandedestPlugin.CustomComboPreset[])">
            <summary>
            Initializes a new instance of the <see cref="T:XIVComboExpandedestPlugin.Attributes.ConflictingCombosAttribute"/> class.
            </summary>
            <param name="conflictingPresets">Presets that conflict with the given combo.</param>
        </member>
        <member name="P:XIVComboExpandedestPlugin.Attributes.ConflictingCombosAttribute.ConflictingPresets">
            <summary>
            Gets the display name.
            </summary>
        </member>
        <member name="T:XIVComboExpandedestPlugin.Attributes.CustomComboInfoAttribute">
            <summary>
            Attribute documenting additional information for each combo.
            </summary>
        </member>
        <member name="M:XIVComboExpandedestPlugin.Attributes.CustomComboInfoAttribute.#ctor(System.String,System.String,System.Byte,System.UInt32[])">
            <summary>
            Initializes a new instance of the <see cref="T:XIVComboExpandedestPlugin.Attributes.CustomComboInfoAttribute"/> class.
            </summary>
            <param name="fancyName">Display name.</param>
            <param name="description">Combo description.</param>
            <param name="jobID">Associated job ID.</param>
            <param name="actionIDs">Associated action IDs.</param>
        </member>
        <member name="P:XIVComboExpandedestPlugin.Attributes.CustomComboInfoAttribute.FancyName">
            <summary>
            Gets the display name.
            </summary>
        </member>
        <member name="P:XIVComboExpandedestPlugin.Attributes.CustomComboInfoAttribute.Description">
            <summary>
            Gets the description.
            </summary>
        </member>
        <member name="P:XIVComboExpandedestPlugin.Attributes.CustomComboInfoAttribute.JobID">
            <summary>
            Gets the job ID.
            </summary>
        </member>
        <member name="P:XIVComboExpandedestPlugin.Attributes.CustomComboInfoAttribute.JobName">
            <summary>
            Gets the job name.
            </summary>
        </member>
        <member name="P:XIVComboExpandedestPlugin.Attributes.CustomComboInfoAttribute.ActionIDs">
            <summary>
            Gets the action IDs associated with the combo.
            </summary>
        </member>
        <member name="T:XIVComboExpandedestPlugin.Attributes.OrderedEnumAttribute">
            <summary>
            An attribute that allows for sorting an enum by declaration order.
            </summary>
        </member>
        <member name="M:XIVComboExpandedestPlugin.Attributes.OrderedEnumAttribute.#ctor(System.Int32)">
            <summary>
            Initializes a new instance of the <see cref="T:XIVComboExpandedestPlugin.Attributes.OrderedEnumAttribute"/> class.
            </summary>
            <param name="order">Caller line number, should not be used.</param>
        </member>
        <member name="P:XIVComboExpandedestPlugin.Attributes.OrderedEnumAttribute.Order">
            <summary>
            Gets the declaration order.
            </summary>
        </member>
        <member name="T:XIVComboExpandedestPlugin.Attributes.ParentComboAttribute">
            <summary>
            Attribute documenting required combo relationships.
            </summary>
        </member>
        <member name="M:XIVComboExpandedestPlugin.Attributes.ParentComboAttribute.#ctor(XIVComboExpandedestPlugin.CustomComboPreset)">
            <summary>
            Initializes a new instance of the <see cref="T:XIVComboExpandedestPlugin.Attributes.ParentComboAttribute"/> class.
            </summary>
            <param name="parentPreset">Presets that conflict with the given combo.</param>
        </member>
        <member name="P:XIVComboExpandedestPlugin.Attributes.ParentComboAttribute.ParentPreset">
            <summary>
            Gets the display name.
            </summary>
        </member>
        <member name="T:XIVComboExpandedestPlugin.Attributes.SecretCustomComboAttribute">
            <summary>
            Attribute designating secret combos.
            </summary>
        </member>
        <member name="T:XIVComboExpandedestPlugin.Combos.CustomCombo">
            <summary>
            Base class for each combo.
            </summary>
            <summary>
            Passthrough methods and properties to IconReplacer. Shortens what it takes to call each method.
            </summary>
        </member>
        <member name="M:XIVComboExpandedestPlugin.Combos.CustomCombo.#ctor">
            <summary>
            Initializes a new instance of the <see cref="T:XIVComboExpandedestPlugin.Combos.CustomCombo"/> class.
            </summary>
        </member>
        <member name="P:XIVComboExpandedestPlugin.Combos.CustomCombo.Preset">
            <summary>
            Gets the preset associated with this combo.
            </summary>
        </member>
        <member name="P:XIVComboExpandedestPlugin.Combos.CustomCombo.ClassID">
            <summary>
            Gets the class ID associated with this combo.
            </summary>
        </member>
        <member name="P:XIVComboExpandedestPlugin.Combos.CustomCombo.JobID">
            <summary>
            Gets the job ID associated with this combo.
            </summary>
        </member>
        <member name="P:XIVComboExpandedestPlugin.Combos.CustomCombo.ActionIDs">
            <summary>
            Gets the action IDs associated with this combo.
            </summary>
        </member>
        <member name="M:XIVComboExpandedestPlugin.Combos.CustomCombo.TryInvoke(System.UInt32,System.UInt32,System.Single,System.Byte,System.UInt32@)">
            <summary>
            Performs various checks then attempts to invoke the combo.
            </summary>
            <param name="actionID">Starting action ID.</param>
            <param name="lastComboActionID">Last combo action.</param>
            <param name="comboTime">Current combo time.</param>
            <param name="level">Current player level.</param>
            <param name="newActionID">Replacement action ID.</param>
            <returns>True if the action has changed, otherwise false.</returns>
        </member>
        <member name="M:XIVComboExpandedestPlugin.Combos.CustomCombo.CalcBestAction(System.UInt32,System.UInt32[])">
            <summary>
            Calculate the best action to use, based on cooldown remaining.
            If there is a tie, the original is used.
            </summary>
            <param name="original">The original action.</param>
            <param name="actions">Action data.</param>
            <returns>The appropriate action to use.</returns>
        </member>
        <member name="M:XIVComboExpandedestPlugin.Combos.CustomCombo.Invoke(System.UInt32,System.UInt32,System.Single,System.Byte)">
            <summary>
            Invokes the combo.
            </summary>
            <param name="actionID">Starting action ID.</param>
            <param name="lastComboActionID">Last combo action.</param>
            <param name="comboTime">Current combo time.</param>
            <param name="level">Current player level.</param>
            <returns>The replacement action ID.</returns>
        </member>
        <member name="P:XIVComboExpandedestPlugin.Combos.CustomCombo.LocalPlayer">
            <summary>
            Gets the player or null.
            </summary>
        </member>
        <member name="P:XIVComboExpandedestPlugin.Combos.CustomCombo.CurrentTarget">
            <summary>
            Gets the current target or null.
            </summary>
        </member>
        <member name="M:XIVComboExpandedestPlugin.Combos.CustomCombo.OriginalHook(System.UInt32)">
            <summary>
            Calls the original hook.
            </summary>
            <param name="actionID">Action ID.</param>
            <returns>The result from the hook.</returns>
        </member>
        <member name="M:XIVComboExpandedestPlugin.Combos.CustomCombo.IsEnabled(XIVComboExpandedestPlugin.CustomComboPreset)">
            <summary>
            Determine if the given preset is enabled.
            </summary>
            <param name="preset">Preset to check.</param>
            <returns>A value indicating whether the preset is enabled.</returns>
        </member>
        <member name="M:XIVComboExpandedestPlugin.Combos.CustomCombo.HasCondition(Dalamud.Game.ClientState.Conditions.ConditionFlag)">
            <summary>
            Find if the player is in condition.
            </summary>
            <param name="flag">Condition flag.</param>
            <returns>A value indicating whether the player is in the condition.</returns>
        </member>
        <member name="M:XIVComboExpandedestPlugin.Combos.CustomCombo.HasEffect(System.UInt16)">
            <summary>
            Find if an effect on the player exists.
            The effect may be owned by the player or unowned.
            </summary>
            <param name="effectID">Status effect ID.</param>
            <returns>A value indicating if the effect exists.</returns>
        </member>
        <member name="M:XIVComboExpandedestPlugin.Combos.CustomCombo.FindEffect(System.UInt16)">
            <summary>
            Finds an effect on the player.
            The effect must be owned by the player or unowned.
            </summary>
            <param name="effectID">Status effect ID.</param>
            <returns>Status object or null.</returns>
        </member>
        <member name="M:XIVComboExpandedestPlugin.Combos.CustomCombo.TargetHasEffect(System.UInt16)">
            <summary>
            Find if an effect on the target exists.
            The effect must be owned by the player or unowned.
            </summary>
            <param name="effectID">Status effect ID.</param>
            <returns>A value indicating if the effect exists.</returns>
        </member>
        <member name="M:XIVComboExpandedestPlugin.Combos.CustomCombo.FindTargetEffect(System.UInt16)">
            <summary>
            Finds an effect on the current target.
            The effect must be owned by the player or unowned.
            </summary>
            <param name="effectID">Status effect ID.</param>
            <returns>Status object or null.</returns>
        </member>
        <member name="M:XIVComboExpandedestPlugin.Combos.CustomCombo.HasEffectAny(System.UInt16)">
            <summary>
            Find if an effect on the player exists.
            The effect may be owned by anyone or unowned.
            </summary>
            <param name="effectID">Status effect ID.</param>
            <returns>A value indicating if the effect exists.</returns>
        </member>
        <member name="M:XIVComboExpandedestPlugin.Combos.CustomCombo.FindEffectAny(System.UInt16)">
            <summary>
            Finds an effect on the player.
            The effect may be owned by anyone or unowned.
            </summary>
            <param name="effectID">Status effect ID.</param>
            <returns>Status object or null.</returns>
        </member>
        <member name="M:XIVComboExpandedestPlugin.Combos.CustomCombo.TargetHasEffectAny(System.UInt16)">
            <summary>
            Find if an effect on the target exists.
            The effect may be owned by anyone or unowned.
            </summary>
            <param name="effectID">Status effect ID.</param>
            <returns>A value indicating if the effect exists.</returns>
        </member>
        <member name="M:XIVComboExpandedestPlugin.Combos.CustomCombo.FindTargetEffectAny(System.UInt16)">
            <summary>
            Finds an effect on the current target.
            The effect may be owned by anyone or unowned.
            </summary>
            <param name="effectID">Status effect ID.</param>
            <returns>Status object or null.</returns>
        </member>
        <member name="M:XIVComboExpandedestPlugin.Combos.CustomCombo.FindEffect(System.UInt16,Dalamud.Game.ClientState.Objects.Types.GameObject,System.Nullable{System.UInt32})">
            <summary>
            Finds an effect on the given object.
            </summary>
            <param name="effectID">Status effect ID.</param>
            <param name="obj">Object to look for effects on.</param>
            <param name="sourceID">Source object ID.</param>
            <returns>Status object or null.</returns>
        </member>
        <member name="M:XIVComboExpandedestPlugin.Combos.CustomCombo.CanInterruptEnemy">
            <summary>
            Determines if the enemy can be interrupted if they are currently casting.
            </summary>
            <returns>Bool indicating whether they can be interrupted or not.</returns>
        </member>
        <member name="M:XIVComboExpandedestPlugin.Combos.CustomCombo.TargetFindOwnEffect(System.UInt16)">
            <summary>
            Gets own target effect for an action.
            </summary>
            <param name="effectID">Status effect ID.</param>
            <returns>A value indicating if the effect exists.</returns>
        </member>
        <member name="M:XIVComboExpandedestPlugin.Combos.CustomCombo.GetCooldown(System.UInt32)">
            <summary>
            Gets the cooldown data for an action.
            </summary>
            <param name="actionID">Action ID to check.</param>
            <returns>Cooldown data.</returns>
        </member>
        <member name="M:XIVComboExpandedestPlugin.Combos.CustomCombo.IsActionOffCooldown(System.UInt32)">
            <summary>
            Checks to see if an action is off-cooldown.
            </summary>
            <param name="actionID">Action ID to check.</param>
            <returns>A bool indicating if the action is off-cooldown or not.</returns>
        </member>
        <member name="M:XIVComboExpandedestPlugin.Combos.CustomCombo.GetJobGauge``1">
            <summary>
            Gets the job gauge.
            </summary>
            <typeparam name="T">Type of job gauge.</typeparam>
            <returns>The job gauge.</returns>
        </member>
        <member name="T:XIVComboExpandedestPlugin.ConfigWindow">
            <summary>
            Plugin configuration window.
            </summary>
        </member>
        <member name="M:XIVComboExpandedestPlugin.ConfigWindow.#ctor">
            <summary>
            Initializes a new instance of the <see cref="T:XIVComboExpandedestPlugin.ConfigWindow"/> class.
            </summary>
        </member>
        <member name="M:XIVComboExpandedestPlugin.ConfigWindow.Draw">
            <inheritdoc/>
        </member>
        <member name="T:XIVComboExpandedestPlugin.CustomComboPreset">
            <summary>
            Combo presets.
            </summary>
        </member>
        <member name="T:XIVComboExpandedestPlugin.IconReplacer">
            <summary>
            This class facilitates the icon replacing.
            </summary>
            <summary>
            Cooldown getters.
            </summary>
        </member>
        <member name="M:XIVComboExpandedestPlugin.IconReplacer.#ctor">
            <summary>
            Initializes a new instance of the <see cref="T:XIVComboExpandedestPlugin.IconReplacer"/> class.
            </summary>
        </member>
        <member name="M:XIVComboExpandedestPlugin.IconReplacer.Dispose">
            <inheritdoc/>
        </member>
        <member name="M:XIVComboExpandedestPlugin.IconReplacer.UpdateEnabledActionIDs">
            <summary>
            Update what action IDs are allowed to be modified. This pulls from <see cref="P:XIVComboExpandedestPlugin.PluginConfiguration.EnabledActions"/>.
            </summary>
        </member>
        <member name="M:XIVComboExpandedestPlugin.IconReplacer.OriginalHook(System.UInt32)">
            <summary>
            Calls the original hook.
            </summary>
            <param name="actionID">Action ID.</param>
            <returns>The result from the hook.</returns>
        </member>
        <member name="M:XIVComboExpandedestPlugin.IconReplacer.GetCooldown(System.UInt32)">
            <summary>
            Gets the cooldown data for an action.
            </summary>
            <param name="actionID">Action ID to check.</param>
            <returns>Cooldown data.</returns>
        </member>
        <member name="T:XIVComboExpandedestPlugin.IconReplacer.CooldownData">
            <summary>
            Internal cooldown data.
            </summary>
        </member>
        <member name="F:XIVComboExpandedestPlugin.IconReplacer.CooldownData.IsCooldown">
            <summary>
            A value indicating whether the action is on cooldown.
            </summary>
        </member>
        <member name="F:XIVComboExpandedestPlugin.IconReplacer.CooldownData.ActionID">
            <summary>
            Action ID on cooldown.
            </summary>
        </member>
        <member name="F:XIVComboExpandedestPlugin.IconReplacer.CooldownData.CooldownElapsed">
            <summary>
            The elapsed cooldown time.
            </summary>
        </member>
        <member name="F:XIVComboExpandedestPlugin.IconReplacer.CooldownData.CooldownTotal">
            <summary>
            The total cooldown time.
            </summary>
        </member>
        <member name="P:XIVComboExpandedestPlugin.IconReplacer.CooldownData.CooldownRemaining">
            <summary>
            Gets the cooldown time remaining.
            </summary>
        </member>
        <member name="T:XIVComboExpandedestPlugin.PluginAddressResolver">
            <summary>
            Plugin address resolver.
            </summary>
        </member>
        <member name="P:XIVComboExpandedestPlugin.PluginAddressResolver.ComboTimer">
            <summary>
            Gets the address of the member ComboTimer.
            </summary>
        </member>
        <member name="P:XIVComboExpandedestPlugin.PluginAddressResolver.LastComboMove">
            <summary>
            Gets the address of the member LastComboMove.
            </summary>
        </member>
        <member name="P:XIVComboExpandedestPlugin.PluginAddressResolver.GetAdjustedActionId">
            <summary>
            Gets the address of fpGetAdjustedActionId.
            </summary>
        </member>
        <member name="P:XIVComboExpandedestPlugin.PluginAddressResolver.IsActionIdReplaceable">
            <summary>
            Gets the address of fpIsIconReplacable.
            </summary>
        </member>
        <member name="P:XIVComboExpandedestPlugin.PluginAddressResolver.GetActionCooldown">
            <summary>
            Gets the address of fpGetActionCooldown.
            </summary>
        </member>
        <member name="M:XIVComboExpandedestPlugin.PluginAddressResolver.Setup64Bit(Dalamud.Game.SigScanner)">
            <inheritdoc/>
        </member>
        <member name="T:XIVComboExpandedestPlugin.PluginConfiguration">
            <summary>
            Plugin configuration.
            </summary>
        </member>
        <member name="P:XIVComboExpandedestPlugin.PluginConfiguration.Version">
            <summary>
            Gets or sets the configuration version.
            </summary>
        </member>
        <member name="P:XIVComboExpandedestPlugin.PluginConfiguration.EnabledActions">
            <summary>
            Gets or sets the collection of enabled combos.
            </summary>
        </member>
        <member name="P:XIVComboExpandedestPlugin.PluginConfiguration.EnabledActions4">
            <summary>
            Gets or sets the collection of enabled combos.
            </summary>
        </member>
        <member name="P:XIVComboExpandedestPlugin.PluginConfiguration.EnableSecretCombos">
            <summary>
            Gets or sets a value indicating whether to allow and display secret combos.
            </summary>
        </member>
        <member name="P:XIVComboExpandedestPlugin.PluginConfiguration.DancerDanceCompatActionIDs">
            <summary>
            Gets or sets an array of 4 ability IDs to interact with the <see cref="F:XIVComboExpandedestPlugin.CustomComboPreset.DancerDanceComboCompatibility"/> combo.
            </summary>
        </member>
        <member name="M:XIVComboExpandedestPlugin.PluginConfiguration.Save">
            <summary>
            Save the configuration to disk.
            </summary>
        </member>
        <member name="M:XIVComboExpandedestPlugin.PluginConfiguration.IsEnabled(XIVComboExpandedestPlugin.CustomComboPreset)">
            <summary>
            Gets a value indicating whether a preset is enabled.
            </summary>
            <param name="preset">Preset to check.</param>
            <returns>The boolean representation.</returns>
        </member>
        <member name="M:XIVComboExpandedestPlugin.PluginConfiguration.IsSecret(XIVComboExpandedestPlugin.CustomComboPreset)">
            <summary>
            Gets a value indicating whether a preset is secret.
            </summary>
            <param name="preset">Preset to check.</param>
            <returns>The boolean representation.</returns>
        </member>
        <member name="M:XIVComboExpandedestPlugin.PluginConfiguration.GetConflicts(XIVComboExpandedestPlugin.CustomComboPreset)">
            <summary>
            Gets an array of conflicting combo presets.
            </summary>
            <param name="preset">Preset to check.</param>
            <returns>The conflicting presets.</returns>
        </member>
        <member name="M:XIVComboExpandedestPlugin.PluginConfiguration.GetParent(XIVComboExpandedestPlugin.CustomComboPreset)">
            <summary>
            Gets the parent combo preset if it exists, or null.
            </summary>
            <param name="preset">Preset to check.</param>
            <returns>The parent preset.</returns>
        </member>
        <member name="T:XIVComboExpandedestPlugin.Service">
            <summary>
            Dalamud and plugin services.
            </summary>
        </member>
        <member name="P:XIVComboExpandedestPlugin.Service.Configuration">
            <summary>
            Gets or sets the plugin configuration.
            </summary>
        </member>
        <member name="P:XIVComboExpandedestPlugin.Service.IconReplacer">
            <summary>
            Gets or sets the plugin icon replacer.
            </summary>
        </member>
        <member name="P:XIVComboExpandedestPlugin.Service.Address">
            <summary>
            Gets or sets the plugin address resolver.
            </summary>
        </member>
        <member name="P:XIVComboExpandedestPlugin.Service.Interface">
            <summary>
            Gets the Dalamud plugin interface.
            </summary>
        </member>
        <member name="P:XIVComboExpandedestPlugin.Service.ChatGui">
            <summary>
            Gets the Dalamud chat gui.
            </summary>
        </member>
        <member name="P:XIVComboExpandedestPlugin.Service.ClientState">
            <summary>
            Gets the Dalamud client state.
            </summary>
        </member>
        <member name="P:XIVComboExpandedestPlugin.Service.CommandManager">
            <summary>
            Gets the Dalamud command manager.
            </summary>
        </member>
        <member name="P:XIVComboExpandedestPlugin.Service.Condition">
            <summary>
            Gets the Dalamud condition.
            </summary>
        </member>
        <member name="P:XIVComboExpandedestPlugin.Service.DataManager">
            <summary>
            Gets the Dalamud data manager.
            </summary>
        </member>
        <member name="P:XIVComboExpandedestPlugin.Service.JobGauges">
            <summary>
            Gets the Dalamud job gauges.
            </summary>
        </member>
        <member name="P:XIVComboExpandedestPlugin.Service.BuddyList">
            <summary>
            Gets the Dalamud Buddy List.
            </summary>
        </member>
        <member name="P:XIVComboExpandedestPlugin.Service.TargetManager">
            <summary>
            Gets the Dalamud target manager.
            </summary>
        </member>
        <member name="T:XIVComboExpandedestPlugin.XIVComboExpandedestPlugin">
            <summary>
            Main plugin implementation.
            </summary>
        </member>
        <member name="M:XIVComboExpandedestPlugin.XIVComboExpandedestPlugin.#ctor(Dalamud.Plugin.DalamudPluginInterface)">
            <summary>
            Initializes a new instance of the <see cref="T:XIVComboExpandedestPlugin.XIVComboExpandedestPlugin"/> class.
            </summary>
            <param name="pluginInterface">Dalamud plugin interface.</param>
        </member>
        <member name="P:XIVComboExpandedestPlugin.XIVComboExpandedestPlugin.Name">
            <inheritdoc/>
        </member>
        <member name="M:XIVComboExpandedestPlugin.XIVComboExpandedestPlugin.Dispose">
            <inheritdoc/>
        </member>
    </members>
</doc>
